set search_path TO YrkesCo;

 
-- (1) Stad

INSERT INTO stad (stad) VALUES ('G칬teborg'), ('Stockholm');
 
-- (2) Adress

INSERT INTO adress (stad_id, gatuadress, postnummer) VALUES
(1,'Gatan 1','41101'), -- Skola GBG
(2,'V칛gen 2','11122'), -- Skola Sthlm
(1,'Drottninggatan 5','41103'), --KonsultBolag 
(2,'Kungsgatan 12','11127'), -- konsultbolag 
(1, 'Kungsportsavenyen 1', '41136'), -- Student GBG
(1, 'Vasagatan 10', '41124'),
(1, 'Linn칠gatan 38', '41308'),
(1, '칐stra Hamngatan 26', '41109'),
(1, 'Chalmersgatan 4', '41135'),
(1, 'S칬dra V칛gen 25', '41254'),
(1, 'A Odhners Gata 5', '42130'),
(1, 'Norra Hamngatan 12', '41114'),
(1, 'Stampgatan 15', '41664'),
(1, 'Andra L친nggatan 20', '41327'),
(1, 'Karl Johansgatan 50', '41455'),
(1, 'Majorna All칠 3', '41451'),
(1, 'Friggagatan 18', '41101'),
(1, 'Redbergsplatsen 3', '41665'),
(1, 'Kortedala Torg 2', '41510'),
(2, 'Drottninggatan 45', '11121'), -- Student STHLM
(2, 'Sveav칛gen 23', '11134'),
(2, 'Kungsgatan 15', '11143'),
(2, 'G칬tgatan 78', '11830'),
(2, 'Hornsgatan 96', '11821'),
(2, 'Odengatan 65', '11322'),
(2, 'Karlav칛gen 76', '11459'),
(2, 'Sankt Eriksgatan 44', '11234'),
(2, 'Vasagatan 10', '11120'),
(2, 'Folkungagatan 90', '11622'),
(2, 'Birger Jarlsgatan 18', '11434'),
(2, 'Torsgatan 26', '11321'),
(2, 'Liding칬v칛gen 1', '11433'),
(2, 'Valhallav칛gen 148', '11524'),
(2, '칐stermalmsgatan 87', '11459'),
(1, 'Erik Dahlbergsgatan 14', '41126'), --personal GBG
(1, 'Masthuggstorget 3', '41327'),
(1, 'Haga Nygata 12', '41301'),
(1, 'Falkgatan 7', '41667'),
(1, 'Sankt Sigfridsgatan 85', '41266'),
(2, 'Sibyllegatan 28', '11442'), --Personal STHLM 
(2, 'Regeringsgatan 88', '11139'),
(2, 'Tulegatan 15', '11353'),
(2, 'Bondegatan 48', '11633'),
(2, 'Nybrogatan 38', '11439');
 
-- (3) Skola

INSERT INTO skola (adress_id, skolnamn) VALUES
(1,'YrkesCo G칬teborg'),
(2,'YrkesCo Stockholm');
 
-- (4) Program

INSERT INTO program (program_id, programnamn) VALUES
('.NET', 'Systemutvecklare .NET'),
('JAVA', 'Systemutvecklare Java'),
('DE', 'Data engineer'),
('APP', 'iOS/Android Developer'),
('IoT', 'Systemutvecklare Inbyggda system'),
('UX', 'UX-designer'),
('DevOps', 'DevOps Engineer');
 
-- (5) Skolprogram

INSERT INTO skolprogram (skol_id, program_id) VALUES
(1, '.NET'), (1, 'JAVA'), (1, 'DE'), (1, 'APP'), (1, 'IoT'), -- GBG
(2, 'JAVA'), (2, 'DE'), (2, 'IoT'), (2, 'UX'), (2, 'DevOps'); -- STHLM
 
-- (6) Kurs

INSERT INTO kurs (kurskod ,kursnamn, po칛ng, beskrivning) VALUES
('OOP1', 'Objektorienterad programmering', 30, 'L칛r dig OOP i C# och Java.'),
('WFE1','Webbutveckling Frontend', 30, 'HTML, CSS, JavaScript och ramverk.'),
('SQL1','SQL', 30, 'Skapa och hantera databaser.'),
('PYT1','Python', 30, 'Data Science och Machine Learning.'),
('PIT1','Projektledning IT', 30, 'Agil och klassisk projektledning.'),
('AWS1','Molntj칛nster AWS', 30, 'Bygg l칬sningar i AWS.'),
('CYB1','Cybers칛kerhet', 30, 'Grunder i IT-s칛kerhet.'),
('UXD1','UX Design', 30, 'Designa anv칛ndarv칛nliga gr칛nssnitt.'),
('DEO1','DevOps och CI/CD', 30, 'Pipeline- och automationsteknik.');


-- (7) Kursprogram

INSERT INTO kursprogram (kurskod, program_id) VALUES
('OOP1', '.NET'), ('SQL1', '.NET'), ('AWS1', 'JAVA'),
('OOP1', 'JAVA'), ('SQL1', 'JAVA'), ('AWS1', '.NET'),
('OOP1', 'DE'), ('PYT1', 'DE'), ('CYB1', '.NET'),
('OOP1', 'APP'), ('PYT1', 'DevOps'), ('CYB1', 'JAVA'),
('OOP1', 'IoT'), ('PIT1', '.NET'), ('CYB1', 'DevOps'),
('OOP1', 'DevOps'), ('PIT1', 'JAVA'), ('UXD1', 'APP'),
('WFE1', 'APP'), ('PIT1', 'DE'), ('UXD1', 'UX'),
('WFE1', 'UX'), ('PIT1', 'UX'), ('DEO1', 'DE'),
('SQL1', 'DE'), ('AWS1', 'DE'), ('DEO1', 'DevOps'),
('SQL1', 'DevOps'), ('AWS1', 'DevOps'), ('DEO1', 'JAVA');
 
-- (8) Yrkesroller

INSERT INTO yrkesroll (titel) VALUES ('Utbildningsledare'), ('Utbildare'), ('Konsult');
 
-- (9) Personuppgifter (Studenter)

INSERT INTO personuppgift (adress_id, personnummer) VALUES
(5,  '200001011234'), (6,  '200002031238'), (7,  '200003051245'), (8,  '200004071212'), (9,  '200005091299'), --GBG
(10, '200006111234'), (11, '200007131211'), (12, '200008151290'), (13, '200009171287'), (14, '200010191222'),
(15, '200011211265'), (16, '200012231267'), (17, '200001251278'), (18, '200002271289'), (19, '200003291234'),
(20, '200004301276'), (21, '200005021233'), (22, '200006041266'), (23, '200007061278'), (24, '200008081299'), --STHLM
(25, '200009101212'), (26, '200010121211'), (27, '200011141234'), (28, '200012161243'), (29, '200001181277'),
(30, '200002201244'), (31, '200003221287'), (32, '200004241299'), (33, '200005261212'), (34, '200006281211'),
(35, '198001011111'), (36, '198102031123'), (40, '198203051234'), (41, '198304071278'), (42, '198405091211'), --Personal
(37, '198506111299'), (38, '198607131234'), (43, '198708151267'), (39, '198809171299'), (44, '198910191278');
 
-- (10) Studenter

INSERT INTO student (pu_id, skol_id, f칬rnamn, efternamn, epost, telefon) VALUES
(1, 1, 'Anna', 'Andersson', 'anna.andersson@example.com', '0701234567'),
(2, 1, 'Bj칬rn', 'Berg', 'bjorn.berg@example.com', '0701234568'),
(3, 1, 'Carla', 'Carlsson', 'carla.carlsson@example.com', '0701234569'),
(4, 1, 'David', 'Dahl', 'david.dahl@example.com', '0701234570'),
(5, 1, 'Elin', 'Ek', 'elin.ek@example.com', '0701234571'),
(6, 1, 'Filip', 'Fransson', 'filip.fransson@example.com', '0701234572'),
(7, 1, 'Greta', 'Gran', 'greta.gran@example.com', '0701234573'),
(8, 1, 'Henrik', 'Hult', 'henrik.hult@example.com', '0701234574'),
(9, 1, 'Ida', 'Ivarsson', 'ida.ivarsson@example.com', '0701234575'),
(10, 1, 'Johan', 'Johansson', 'johan.johansson@example.com', '0701234576'),
(11, 1, 'Karin', 'Karlsson', 'karin.karlsson@example.com', '0701234577'),
(12, 1, 'Lars', 'Lind', 'lars.lind@example.com', '0701234578'),
(13, 1, 'Maria', 'M친nsson', 'maria.mansson@example.com', '0701234579'),
(14, 1, 'Niklas', 'Nordin', 'niklas.nordin@example.com', '0701234580'),
(15, 1, 'Olivia', 'Ohlsson', 'olivia.ohlsson@example.com', '0701234581'),
(16, 2, 'Patrik', 'Persson', 'patrik.persson@example.com', '0701234582'),
(17, 2, 'Quinn', 'Quick', 'quinn.quick@example.com', '0701234583'),
(18, 2, 'Rikard', 'Ryd', 'rikard.ryd@example.com', '0701234584'),
(19, 2, 'Sara', 'Sand', 'sara.sand@example.com', '0701234585'),
(20, 2, 'Tobias', 'Torn', 'tobias.torn@example.com', '0701234586'),
(21, 2, 'Ulrika', 'Ulfsdotter', 'ulrika.ulfsdotter@example.com', '0701234587'),
(22, 2, 'Viktor', 'Vik', 'viktor.vik@example.com', '0701234588'),
(23, 2, 'Wilma', 'Wall', 'wilma.wall@example.com', '0701234589'),
(24, 2, 'Xander', 'Xen', 'xander.xen@example.com', '0701234590'),
(25, 2, 'Ylva', 'Yng', 'ylva.yng@example.com', '0701234591'),
(26, 2, 'Zandra', 'Zed', 'zandra.zed@example.com', '0701234592'),
(27, 2, '칀ke', '칀ngstr칬m', 'ake.angstrom@example.com', '0701234593'),
(28, 2, '츿lva', '츿del', 'alva.adel@example.com', '0701234594'),
(29, 2, '칐rjan', '칐st', 'orjan.ost@example.com', '0701234595'),
(30, 2, '칐sten', '칐berg', 'osten.oberg@example.com', '0701234596');
 
 
-- (12) Personal

INSERT INTO personal (yrkes_id, f칬rnamn, efternamn, epost, telefon) VALUES
(1, 'Eva', 'Ekstr칬m', 'eva.ekstrom@example.com', '0702345671'), -- Utbildningsledare Gbg
(1, 'Fredrik', 'Frid', 'fredrik.frid@example.com', '0702345672'), -- Utbildningsledare GBG
(1, 'Anna', 'Andersson', 'anna.andersson@example.com', '0702345671'), -- Utbildningsledare Sthlm
(1, 'Johan', 'Johansson', 'johan.johansson@example.com', '0702345672'), -- Utbildningsledare Sthlm
(1, 'Elvin', 'Kandell', 'elvin.kandell@example.com', '0705551122'), -- Utbildningsledare Frist친ede kurs Sthlm
(1, 'Hampus', 'Lubran', 'hampus.lubran@example.com', '0721345233'), -- Utbildningsledare Frist친ende kurs Gbg
(2, 'Gustav', 'Gull', 'gustav.gull@example.com', '0702345673'), -- Utbildare
(2, 'Hanna', 'Hav', 'hanna.hav@example.com', '0702345674'),
(2, 'Isak', 'Isberg', 'isak.isberg@example.com', '0702345675'),
(2, 'Josefin', 'Jord', 'josefin.jord@example.com', '0702345676'),
(3, 'Karl', 'Kust', 'karl.kust@example.com', '0702345677'), -- Konsult
(3, 'Linda', 'Lund', 'linda.lund@example.com', '0702345678'),
(3, 'Magnus', 'Myra', 'magnus.myra@example.com', '0702345679'),
(3, 'Nina', 'Norr', 'nina.norr@example.com', '0702345680');
 
-- (13) Fastanst칛llda

INSERT INTO fastanst칛llda (pu_id, personal_id) VALUES
(31, 1), (32, 2), (33, 3), (34, 4), (35, 5), (36, 6), --UL
(37, 7), (38, 8), (39, 9), (40, 10); --Ubildare
 
-- (14) Konsultbolag

INSERT INTO konsultbolag (org_nummer, adress_id, bolagsnamn, f_skatt) VALUES
('556677-8899', 3, 'TechKonsult AB', true),
('556688-9900', 4, 'IT-Resurs AB', true);
 
-- (15) Konsult

INSERT INTO konsult (org_nummer, personal_id, timpris) VALUES
('556677-8899', 11, 950),
('556677-8899', 12, 900),
('556688-9900', 13, 1000),
('556688-9900', 14, 1100);
 
-- (16) Skolpersonal

INSERT INTO skolpersonal (personal_id, skol_id) VALUES
(1, 1), (2, 1), (6, 1), (7, 1),(9, 1), (11, 1), (13,1), -- GBG 
(3, 2), (4, 2),(5, 2),(8, 2), (10, 2), (12, 2), (14,2); --STHLM
 
-- (17) F칬retag

INSERT INTO f칬retag (f칬retag_org_nummer, f칬retag_namn, representant, epost, telefon) VALUES
('559001-2345', 'CyberSec AB', 'Ola Olofsson', 'ola@cybersec.se', '0709988771'),
('559001-2346', 'WebDev AB', 'Pia Persson', 'pia@webdev.se', '0709988772'),
('559001-2347', 'DataCloud AB', 'Kalle Karlsson', 'kalle@datacloud.se', '0709988773'),
('559001-2348', 'Innovate AB', 'Mia M친nsson', 'mia@innovate.se', '0709988774'),
('559001-2349', 'SecureIT AB', 'Nils Nilsson', 'nils@secureit.se', '0709988775'),
('559001-2350', 'Cloudify AB', 'Anna Andersson', 'anna@cloudify.se', '0709988776'),
('559001-2351', 'NextGen AB', 'Bj칬rn Berg', 'bjorn@nextgen.se', '0709988777'),
('559001-2352', 'BrightTech AB', 'Sara Svensson', 'sara@brighttech.se', '0709988778'),
('559001-2353', 'SoftSolutions AB', 'Erik Eriksson', 'erik@softsolutions.se', '0709988779'),
('559001-2354', 'GreenIT AB', 'Lisa Lind', 'lisa@greenit.se', '0709988780');
 
-- (18) Beviljade omg친ngar

INSERT INTO beviljad_omg친ng (program_id, 친r) VALUES
('.NET', '24'), ('.NET', '25'), ('.NET', '26'),
('JAVA', '24'), ('JAVA', '25'), ('JAVA', '26'),
('DE', '24'), ('DE', '25'), ('DE', '26'),
('APP', '24'), ('APP', '25'), ('APP', '26'),
('IoT', '24'), ('IoT', '25'), ('IoT', '26'),
('UX', '24'), ('UX', '25'), ('UX', '26'),
('DevOps', '24'), ('DevOps', '25'), ('DevOps', '26');
 
-- (19) Ledningsgrupp

INSERT INTO ledningsgrupp (program_id, skol_id) VALUES
('.NET', 1),
('JAVA', 1),('JAVA', 2),
('DE', 1),('DE', 2),
('APP', 1),
('IoT', 1),('IoT', 2),
('UX', 2),
('DevOps', 2);
 
-- (20) Ledningsf칬retag

INSERT INTO ledningsf칬retag (ledningsgrupp_id, f칬retag_org_nummer) VALUES
(1, '559001-2345'),
(2, '559001-2346'),
(3, '559001-2347'),
(4, '559001-2348'),
(5, '559001-2349'),
(6, '559001-2350'),
(7, '559001-2351'),
(8, '559001-2352'),
(9, '559001-2353'),
(10, '559001-2354');
 
-- (21) Ledningstudent

INSERT INTO ledningstudent (ledningsgrupp_id, student_id) VALUES
(1,6),(1,11), -- .NET GBG
(2,2),(2,7), --JAVA GBG
(3,16),(3,26), --JAVA STHLM
(4,5),(4,10), -- DE GBG
(5,23),(5,28), -- DE STHLM
(6,4),(6,9), -- APP GBG
(7,3),(7,8), --IoT GBG
(8,17),(8,27), --IoT STHLM
(9,19),(9,24), -- UX STHLM
(10,20),(10,25); -- DevOps STHLM
 
-- (22) Ledningspersonal

INSERT INTO ledningspersonal (ledningsgrupp_id, personal_id) VALUES
(1,1), -- .NET GBG
(2,2), -- JAVA GBG
(3,3), -- JAVA STHLM
(4,1), -- DE GBG
(5,4), -- DE STHLM
(6,2), -- APP GBG
(7,1), -- IoT GBG
(8,3), -- IoT STHLM
(9,4), -- UX STHLM
(10,4); --DevOps STHLM
 
-- (23) Protokoll

INSERT INTO protokoll (ledningsgrupp_id, protokoll, datum) VALUES
(1, 'Protokoll fr친n m칬te 1', '2025-01-15'),
(2, 'Protokoll fr친n m칬te 2', '2025-01-20'),
(3, 'Protokoll fr친n m칬te 3', '2025-02-10'),
(4, 'Protokoll fr친n m칬te 4', '2025-02-20');
 
-- (24) Kurstillf칛lle (Personal ansvarar f칬r vissa kurser)

INSERT INTO kurstillf칛lle (personal_id, kurskod) VALUES
(13, 'OOP1'), (13, 'AWS1'),(7, 'CYB1') ,(7, 'WFE1'), (9,'PIT1'), (9, 'SQL1'),(9, 'DEO1') ,(11, 'PIT1') ,(11, 'PYT1'), (11, 'UXD1'), -- GBG
(14, 'OOP1'), (14, 'AWS1'),(8, 'CYB1') ,(8, 'WFE1'), (10,'PIT1'), (10, 'SQL1'),(10, 'DEO1') ,(12, 'PIT1') ,(12, 'PYT1'), (12, 'UXD1'); -- STHLM

 
-- (25) Kursbetyg (A-E random)

INSERT INTO kursbetyg (student_id, kurskod, betyg) VALUES
(1, 'SQL1', 'VG'), (15, 'PYT1', 'G'), (26, 'DEO1', 'VG'),
(2, 'OOP1', 'G'), (16, 'PIT1', 'IG'), (28, 'SQL1', 'IG'),
(3, 'PYT1', 'IG'), (20, 'AWS1', 'G'), (18, 'CYB1', 'G'),
(4, 'UXD1', 'VG'), (25, 'OOP1', 'VG'), (30, 'AWS1', 'VG');
 
-- (26) Frist친ende kurser

INSERT INTO frist친ende_kurs (skol_id, kurskod, personal_id) VALUES
(1, 'SQL1', 5),
(1, 'PYT1', 5),
(2, 'OOP1', 6),
(2, 'AWS1', 6);
 
-- (27) Frist친ende student

INSERT INTO frist친ende_student (fk_id, student_id) VALUES
(1, 14), (2, 15), --GBG
(3, 29), (4, 30); --STHLM

-- (28) Klass
INSERT INTO klass (bo_id, personal_id, skol_id) VALUES
(1, 1, 1), --.NET
(4, 1, 1),(4, 3, 2), --JAVA
(7, 1, 1),(7, 3, 2), --DE
(10,2, 1), --APP
(13,2,1),(13,3,2), --IoT
(16,4,2), --UX
(19,4,2); --DevOps
 
INSERT INTO antagen_student (klass_id, student_id) VALUES
(1, 1),(1, 6),(1, 11), --.NET GBG
(2, 2),(2, 7), (2, 12), --JAVA GBG
(3,16), (3,21), (3,26), --JAVA STHLM
(4, 5), (4, 10), --DE GBG
(5,18), (5,23), (5,28), --DE STHLM
(6, 4),(6, 9), --APP GBG
(7, 3),(7, 8),(7, 13), --IoT GBG
(8,17), (8,22),(8,27), -- IoT STHLM
(9, 19),(9, 24), --UX STHLM
(10, 20),(10, 25); --DevOps STHLM 
-- KLART! 游꿢

 